ID,VersionID,Name,AppName,EffectiveDate,CatalogueStatus,CreatedBy,Description,CreatedDate,IsReadOnly,Status,WorkInsKey,UpdatedDate,UpdatedBy,WorkItemID,Assignee,GuruURL,IsAssignee,CatalogueVersion,Branch,BaseVersion,Deleted
BNA-578530009,381,,Sophie,3/28/2019 11:53,,krishna mannam,,3/28/2019 11:53,,A,,,,,krishna mannam,,,381,T,379,
BNA-578527335,380,,Sophie,3/28/2019 11:08,,krishna mannam,,3/28/2019 11:08,,A,,,,,krishna mannam,,,380,T,,
BNA-578525430,379,,Sophie,3/28/2019 10:37,,krishna mannam,,3/28/2019 10:37,,A,,,,,krishna mannam,,,379,T,377,
BNA-578524961,378,,Sophie,3/28/2019 10:29,,krishna mannam,,3/28/2019 10:29,,A,,,,,krishna mannam,,,378,T,,
BNA-578524810,377,,Sophie,3/28/2019 10:26,,krishna mannam,,3/28/2019 10:26,,A,,,,,krishna mannam,,,377,T,375,
BNA-578524538,376,,Sophie,3/28/2019 10:22,,krishna mannam,,3/28/2019 10:22,,A,,,,,krishna mannam,,,376,T,,
BNA-578524410,375,,Sophie,3/28/2019 10:20,,krishna mannam,,3/28/2019 10:20,,A,,,,,krishna mannam,,,375,T,373,
BNA-578524278,374,,Sophie,3/28/2019 10:17,,krishna mannam,,3/28/2019 10:17,,A,,,,,krishna mannam,,,374,T,,
BNA-578524152,373,,Sophie,3/28/2019 10:15,,krishna mannam,,3/28/2019 10:15,,A,,,,,krishna mannam,,,373,T,371,
BNA-578523990,372,,Sophie,3/28/2019 10:13,,krishna mannam,,3/28/2019 10:13,,A,,,,,krishna mannam,,,372,T,,
BNA-578523552,371,,Sophie,3/28/2019 10:05,,krishna mannam,,3/28/2019 10:05,,A,,,,,krishna mannam,,,371,T,369,
BNA-578522285,370,,Sophie,3/28/2019 9:44,,krishna mannam,,3/28/2019 9:44,,A,,,,,krishna mannam,,,370,T,,
BNA-578522178,369,,Sophie,3/28/2019 9:42,,krishna mannam,,3/28/2019 9:42,,A,,,,,krishna mannam,,,369,T,367,
BNA-578520651,368,,Sophie,3/28/2019 9:17,,krishna mannam,,3/28/2019 9:17,,A,,,,,krishna mannam,,,368,T,,
BNA-578520504,367,,Sophie,3/28/2019 9:15,,krishna mannam,,3/28/2019 9:15,,A,,,,,krishna mannam,,,367,T,365,
BNA-578519835,366,,Sophie,3/28/2019 9:03,,krishna mannam,,3/28/2019 9:03,,A,,,,,krishna mannam,,,366,T,,
BNA-578518486,365,,Sophie,3/28/2019 8:41,,krishna mannam,,3/28/2019 8:41,,A,,,,,krishna mannam,,,365,T,363,
BNA-578512853,364,,Sophie,3/28/2019 7:07,,krishna mannam,,3/28/2019 7:07,,A,,,,,krishna mannam,,,364,T,,
BNA-578512401,363,,Sophie,3/28/2019 7:00,,krishna mannam,,3/28/2019 7:00,,A,,,,,krishna mannam,,,363,T,361,
BNA-578509827,362,,Sophie,3/28/2019 6:17,,krishna mannam,,3/28/2019 6:17,,A,,,,,krishna mannam,,,362,T,,
BNA-578501095,361,,Sophie,3/28/2019 3:51,,krishna mannam,,3/28/2019 3:51,,A,,,,,krishna mannam,,,361,T,,
BNA-578500094,360,,Sophie,3/28/2019 3:34,,krishna mannam,,3/28/2019 3:34,,A,,,,,krishna mannam,,,360,T,,
BNA-578499449,359,,Sophie,3/28/2019 3:24,,krishna mannam,,3/28/2019 3:24,,A,,,,,krishna mannam,,,359,T,,
BNA-578493176,358,,Sophie,3/28/2019 1:39,,krishna mannam,,3/28/2019 1:39,,A,,,,,krishna mannam,,,358,T,,
BNA-578451448,357,,Sophie,3/27/2019 14:04,,krishna mannam,,3/27/2019 14:04,,A,,,,,krishna mannam,,,357,T,,
BNA-578450547,356,,Sophie,3/27/2019 13:49,,krishna mannam,,3/27/2019 13:49,,A,,,,,krishna mannam,,,356,T,,
BNA-578449728,355,,Sophie,3/27/2019 13:35,,krishna mannam,,3/27/2019 13:35,,A,,,,,krishna mannam,,,355,T,353,
BNA-578449516,354,,Sophie,3/27/2019 13:31,,krishna mannam,,3/27/2019 13:31,,A,,,,,krishna mannam,,,354,T,,
BNA-578448648,353,,Sophie,3/27/2019 13:17,,krishna mannam,,3/27/2019 13:17,,A,,,,,krishna mannam,,,353,T,,
BNA-578448406,352,,Sophie,3/27/2019 13:13,,krishna mannam,,3/27/2019 13:13,,A,,,,,krishna mannam,,,352,T,350,
BNA-578448231,351,,Sophie,3/27/2019 13:10,,krishna mannam,,3/27/2019 13:10,,A,,,,,krishna mannam,,,351,T,,
BNA-578448120,350,,Sophie,3/27/2019 13:08,,krishna mannam,,3/27/2019 13:08,,A,,,,,krishna mannam,,,350,T,348,
BNA-578445868,349,,Sophie,3/27/2019 12:31,,krishna mannam,,3/27/2019 12:31,,A,,,,,krishna mannam,,,349,T,,
BNA-578445774,348,,Sophie,3/27/2019 12:29,,krishna mannam,,3/27/2019 12:29,,A,,,,,krishna mannam,,,348,T,346,
BNA-578445548,347,,Sophie,3/27/2019 12:25,,krishna mannam,,3/27/2019 12:25,,A,,,,,krishna mannam,,,347,T,,
BNA-578445413,346,,Sophie,3/27/2019 12:23,,krishna mannam,,3/27/2019 12:23,,A,,,,,krishna mannam,,,346,T,344,
BNA-578445113,345,,Sophie,3/27/2019 12:18,,krishna mannam,,3/27/2019 12:18,,A,,,,,krishna mannam,,,345,T,,
BNA-578444620,344,,Sophie,3/27/2019 12:10,,krishna mannam,,3/27/2019 12:10,,A,,,,,krishna mannam,,,344,T,342,
BNA-578442842,343,,Sophie,3/27/2019 11:40,,krishna mannam,,3/27/2019 11:40,,A,,,,,krishna mannam,,,343,T,,
BNA-578442737,342,,Sophie,3/27/2019 11:38,,krishna mannam,,3/27/2019 11:38,,A,,,,,krishna mannam,,,342,T,340,
BNA-578442646,341,,Sophie,3/27/2019 11:37,,krishna mannam,,3/27/2019 11:37,,A,,,,,krishna mannam,,,341,T,,
BNA-578442356,340,,Sophie,3/27/2019 11:32,,krishna mannam,,3/27/2019 11:32,,A,,,,,krishna mannam,,,340,T,338,
BNA-578441993,339,,Sophie,3/27/2019 11:26,,krishna mannam,,3/27/2019 11:26,,A,,,,,krishna mannam,,,339,T,,
BNA-578439036,338,,Sophie,3/27/2019 10:37,,krishna mannam,,3/27/2019 10:37,,A,,,,,krishna mannam,,,338,T,336,
BNA-578437634,337,,Sophie,3/27/2019 10:13,,krishna mannam,,3/27/2019 10:13,,A,,,,,krishna mannam,,,337,T,,
BNA-578436653,336,,Sophie,3/27/2019 9:57,,krishna mannam,,3/27/2019 9:57,,A,,,,,krishna mannam,,,336,T,334,
BNA-578435932,335,,Sophie,3/27/2019 9:45,,krishna mannam,,3/27/2019 9:45,,A,,,,,krishna mannam,,,335,T,,
BNA-578434010,334,,Sophie,3/27/2019 9:13,,krishna mannam,,3/27/2019 9:13,,A,,,,,krishna mannam,,,334,T,,
BNA-578432261,333,,Sophie,3/27/2019 8:44,,krishna mannam,,3/27/2019 8:44,,A,,,,,krishna mannam,,,333,T,,
BNA-578408146,332,,Sophie,3/27/2019 2:02,,krishna mannam,,3/27/2019 2:02,,A,,,,,krishna mannam,,,332,T,,
BNA-578406696,331,,Sophie,3/27/2019 1:38,,krishna mannam,,3/27/2019 1:38,,A,,,,,krishna mannam,,,331,T,,
BNA-578364256,330,,Sophie,3/26/2019 13:50,,krishna mannam,,3/26/2019 13:50,,A,,,,,krishna mannam,,,330,T,,
BNA-578363173,329,,Sophie,3/26/2019 13:32,,krishna mannam,,3/26/2019 13:32,,A,,,,,krishna mannam,,,329,T,,
BNA-578362149,328,,Sophie,3/26/2019 13:15,,krishna mannam,,3/26/2019 13:15,,A,,,,,krishna mannam,,,328,T,,
BNA-578359889,327,,Sophie,3/26/2019 12:38,,krishna mannam,,3/26/2019 12:38,,A,,,,,krishna mannam,,,327,T,,
BNA-578356786,326,,Sophie,3/26/2019 11:46,,krishna mannam,,3/26/2019 11:46,,A,,,,,krishna mannam,,,326,T,,
BNA-578355022,325,,Sophie,3/26/2019 11:17,,krishna mannam,,3/26/2019 11:17,,A,,,,,krishna mannam,,,325,T,,
BNA-578354759,324,,Sophie,3/26/2019 11:12,,krishna mannam,,3/26/2019 11:12,,A,,,,,krishna mannam,,,324,T,322,
BNA-578353089,323,,Sophie,3/26/2019 10:44,,krishna mannam,,3/26/2019 10:44,,A,,,,,krishna mannam,,,323,T,,
BNA-578351350,322,,Sophie,3/26/2019 10:15,,krishna mannam,,3/26/2019 10:15,,A,,,,,krishna mannam,,,322,T,,
BNA-578349955,321,,Sophie,3/26/2019 9:52,,krishna mannam,,3/26/2019 9:52,,A,,,,,krishna mannam,,,321,T,,
BNA-578346861,320,,Sophie,3/26/2019 9:01,,krishna mannam,,3/26/2019 9:01,,A,,,,,krishna mannam,,,320,T,,
BNA-578343702,319,,Sophie,3/26/2019 8:08,,krishna mannam,,3/26/2019 8:08,,A,,,,,krishna mannam,,,319,T,,
BNA-578342610,318,,Sophie,3/26/2019 7:50,,krishna mannam,,3/26/2019 7:50,,A,,,,,krishna mannam,,,318,T,,
BNA-578342263,317,,Sophie,3/26/2019 7:44,,krishna mannam,,3/26/2019 7:44,,A,,,,,krishna mannam,,,317,T,315,
BNA-578342203,316,,Sophie,3/26/2019 7:43,,krishna mannam,,3/26/2019 7:43,,A,,,,,krishna mannam,,,316,T,,
BNA-578340204,315,,Sophie,3/26/2019 7:10,,krishna mannam,,3/26/2019 7:10,,A,,,,,krishna mannam,,,315,T,,
BNA-578338778,314,,Sophie,3/26/2019 6:46,,krishna mannam,,3/26/2019 6:46,,A,,,,,krishna mannam,,,314,T,,
BNA-578337940,313,,Sophie,3/26/2019 6:32,,krishna mannam,,3/26/2019 6:32,,A,,,,,krishna mannam,,,313,T,,
BNA-578337419,312,,Sophie,3/26/2019 6:23,,krishna mannam,,3/26/2019 6:23,,A,,,,,krishna mannam,,,312,T,,
BNA-578337311,311,,Sophie,3/26/2019 6:21,,krishna mannam,,3/26/2019 6:21,,A,,,,,krishna mannam,,,311,T,309,
BNA-578337273,310,,Sophie,3/26/2019 6:21,,krishna mannam,,3/26/2019 6:21,,A,,,,,krishna mannam,,,310,T,,
BNA-578336860,309,,Sophie,3/26/2019 6:14,,krishna mannam,,3/26/2019 6:14,,A,,,,,krishna mannam,,,309,T,,
BNA-578336758,308,,Sophie,3/26/2019 6:12,,krishna mannam,,3/26/2019 6:12,,A,,,,,krishna mannam,,,308,T,306,
BNA-578336725,307,,Sophie,3/26/2019 6:12,,krishna mannam,,3/26/2019 6:12,,A,,,,,krishna mannam,,,307,T,,
BNA-578335994,306,,Sophie,3/26/2019 5:59,,krishna mannam,,3/26/2019 5:59,,A,,,,,krishna mannam,,,306,T,,
BNA-578335751,305,,Sophie,3/26/2019 5:55,,krishna mannam,,3/26/2019 5:55,,A,,,,,krishna mannam,,,305,T,303,
BNA-578335629,304,,Sophie,3/26/2019 5:53,,krishna mannam,,3/26/2019 5:53,,A,,,,,krishna mannam,,,304,T,,
BNA-578274355,303,,Sophie,3/25/2019 12:52,,krishna mannam,,3/25/2019 12:52,,A,,,,,krishna mannam,,,303,T,,
BNA-578274007,302,,Sophie,3/25/2019 12:46,,krishna mannam,,3/25/2019 12:46,,A,,,,,krishna mannam,,,302,T,,
BNA-578273900,301,,Sophie,3/25/2019 12:45,,krishna mannam,,3/25/2019 12:45,,A,,,,,krishna mannam,,,301,T,299,
BNA-578273778,300,,Sophie,3/25/2019 12:42,,krishna mannam,,3/25/2019 12:42,,A,,,,,krishna mannam,,,300,T,,
BNA-578273465,299,,Sophie,3/25/2019 12:37,,krishna mannam,,3/25/2019 12:37,,A,,,,,krishna mannam,,,299,T,,
BNA-578273325,298,,Sophie,3/25/2019 12:35,,krishna mannam,,3/25/2019 12:35,,A,,,,,krishna mannam,,,298,T,296,
BNA-578273151,297,,Sophie,3/25/2019 12:32,,krishna mannam,,3/25/2019 12:32,,A,,,,,krishna mannam,,,297,T,,
BNA-578272970,296,,Sophie,3/25/2019 12:29,,krishna mannam,,3/25/2019 12:29,,A,,,,,krishna mannam,,,296,T,294,
BNA-578272833,295,,Sophie,3/25/2019 12:27,,krishna mannam,,3/25/2019 12:27,,A,,,,,krishna mannam,,,295,T,,
BNA-578272578,294,,Sophie,3/25/2019 12:22,,krishna mannam,,3/25/2019 12:22,,A,,,,,krishna mannam,,,294,T,292,
BNA-578272487,293,,Sophie,3/25/2019 12:21,,krishna mannam,,3/25/2019 12:21,,A,,,,,krishna mannam,,,293,T,,
BNA-578271907,292,,Sophie,3/25/2019 12:11,,krishna mannam,,3/25/2019 12:11,,A,,,,,krishna mannam,,,292,T,290,
BNA-578271574,291,,Sophie,3/25/2019 12:06,,krishna mannam,,3/25/2019 12:06,,A,,,,,krishna mannam,,,291,T,,
BNA-578271340,290,,Sophie,3/25/2019 12:02,,krishna mannam,,3/25/2019 12:02,,A,,,,,krishna mannam,,,290,T,288,
BNA-578271074,289,,Sophie,3/25/2019 11:57,,krishna mannam,,3/25/2019 11:57,,A,,,,,krishna mannam,,,289,T,,
BNA-578264449,288,,Sophie,3/25/2019 10:07,,Jagadeesh Gopireddy,,3/25/2019 10:07,,A,,,,,Jagadeesh Gopireddy,,,288,T,,
BNA-578262474,287,,Sophie,3/25/2019 9:34,,Krishna Mannam,,3/25/2019 9:34,,A,,,,,Krishna Mannam,,,287,T,,
BNA-578262135,286,,Sophie,3/25/2019 9:28,,Krishna Mannam,,3/25/2019 9:28,,A,,,,,Krishna Mannam,,,286,T,,
BNA-578261725,285,,Sophie,3/25/2019 9:22,,Krishna Mannam,,3/25/2019 9:22,,A,,,,,Krishna Mannam,,,285,T,,
BNA-578253042,284,,Sophie,3/25/2019 6:57,,Krishna Mannam,,3/25/2019 6:57,,A,,,,,Krishna Mannam,,,284,T,,
BNA-578247981,283,,Sophie,3/25/2019 5:33,,Krishna Mannam,,3/25/2019 5:33,,A,,,,,Krishna Mannam,,,283,T,,
BNA-578247769,282,,Sophie,3/25/2019 5:29,,Krishna Mannam,,3/25/2019 5:29,,A,,,,,Krishna Mannam,,,282,T,280,
BNA-578247708,281,,Sophie,3/25/2019 5:28,,Krishna Mannam,,3/25/2019 5:28,,A,,,,,Krishna Mannam,,,281,T,,
BNA-578076859,280,,Sophie,3/23/2019 6:00,,Krishna Mannam,,3/23/2019 6:00,,A,,,,,Krishna Mannam,,,280,T,,
BNA-578076742,279,,Sophie,3/23/2019 5:59,,Krishna Mannam,,3/23/2019 5:59,,A,,,,,Krishna Mannam,,,279,T,277,
BNA-578076468,278,,Sophie,3/23/2019 5:54,,Krishna Mannam,,3/23/2019 5:54,,A,,,,,Krishna Mannam,,,278,T,,
BNA-578074287,277,,Sophie,3/23/2019 5:18,,Krishna Mannam,,3/23/2019 5:18,,A,,,,,Krishna Mannam,,,277,T,,
BNA-578063898,276,,Sophie,3/23/2019 2:24,,Krishna Mannam,,3/23/2019 2:24,,A,,,,,Krishna Mannam,,,276,T,,
BNA-578063854,275,,Sophie,3/23/2019 2:24,,Krishna Mannam,,3/23/2019 2:24,,A,,,,,Krishna Mannam,,,275,T,273,
BNA-578012638,274,,Sophie,3/22/2019 12:10,,Krishna Mannam,,3/22/2019 12:10,,A,,,,,Krishna Mannam,,,274,T,,
BNA-578011483,273,,Sophie,3/22/2019 11:51,,Krishna Mannam,,3/22/2019 11:51,,A,,,,,Krishna Mannam,,,273,T,,
BNA-578009224,272,,Sophie,3/22/2019 11:13,,Krishna Mannam,,3/22/2019 11:13,,A,,,,,Krishna Mannam,,,272,T,,
BNA-578002084,271,,Sophie,3/22/2019 9:14,,Krishna Mannam,,3/22/2019 9:14,,A,,,,,Krishna Mannam,,,271,T,,
BNA-577999827,270,,Sophie,3/22/2019 8:37,,Krishna Mannam,,3/22/2019 8:37,,A,,,,,Krishna Mannam,,,270,T,,
BNA-577996788,269,,Sophie,3/22/2019 7:46,,Krishna Mannam,,3/22/2019 7:46,,A,,,,,Krishna Mannam,,,269,T,,
BNA-577996209,268,,Sophie,3/22/2019 7:36,,Krishna Mannam,,3/22/2019 7:36,,A,,,,,Krishna Mannam,,,268,T,,
BNA-577995882,267,,Sophie,3/22/2019 7:31,,Krishna Mannam,,3/22/2019 7:31,,A,,,,,Krishna Mannam,,,267,T,,
BNA-577994854,266,,Sophie,3/22/2019 7:14,,Krishna Mannam,,3/22/2019 7:14,,A,,,,,Krishna Mannam,,,266,T,,
BNA-577994150,265,,Sophie,3/22/2019 7:02,,Krishna Mannam,,3/22/2019 7:02,,A,,,,,Krishna Mannam,,,265,T,,
BNA-577991568,264,,Sophie,3/22/2019 6:19,,Krishna Mannam,,3/22/2019 6:19,,A,,,,,Krishna Mannam,,,264,T,,
BNA-577846043,263,,Sophie,3/20/2019 13:54,,Krishna Mannam,,3/20/2019 13:54,,A,,,,,Krishna Mannam,,,263,T,,
BNA-577845695,262,,Sophie,3/20/2019 13:48,,Krishna Mannam,,3/20/2019 13:48,,A,,,,,Krishna Mannam,,,262,T,,
BNA-577845132,261,,Sophie,3/20/2019 13:38,,Krishna Mannam,,3/20/2019 13:38,,A,,,,,Krishna Mannam,,,261,T,,
BNA-577845012,260,,Sophie,3/20/2019 13:36,,Krishna Mannam,,3/20/2019 13:36,,A,,,,,Krishna Mannam,,,260,T,258,
BNA-577844972,259,,Sophie,3/20/2019 13:36,,Krishna Mannam,,3/20/2019 13:36,,A,,,,,Krishna Mannam,,,259,T,,
BNA-577843747,258,,Sophie,3/20/2019 13:15,,Krishna Mannam,,3/20/2019 13:15,,A,,,,,Krishna Mannam,,,258,T,,
BNA-577837977,257,,Sophie,3/20/2019 11:39,,Krishna Mannam,,3/20/2019 11:39,,A,,,,,Krishna Mannam,,,257,T,,
BNA-577835118,256,,Sophie,3/20/2019 10:51,,Krishna Mannam,,3/20/2019 10:51,,A,,,,,Krishna Mannam,,,256,T,,
BNA-577834761,255,,Sophie,3/20/2019 10:46,,Krishna Mannam,,3/20/2019 10:46,,A,,,,,Krishna Mannam,,,255,T,253,
BNA-577834581,254,,Sophie,3/20/2019 10:43,,Krishna Mannam,,3/20/2019 10:43,,A,,,,,Krishna Mannam,,,254,T,,
BNA-577834413,253,,Sophie,3/20/2019 10:40,,Krishna Mannam,,3/20/2019 10:40,,A,,,,,Krishna Mannam,,,253,T,251,
BNA-577834234,252,,Sophie,3/20/2019 10:37,,Krishna Mannam,,3/20/2019 10:37,,A,,,,,Krishna Mannam,,,252,T,,
BNA-577834059,251,,Sophie,3/20/2019 10:34,,Krishna Mannam,,3/20/2019 10:34,,A,,,,,Krishna Mannam,,,251,T,249,
BNA-577833912,250,,Sophie,3/20/2019 10:31,,Krishna Mannam,,3/20/2019 10:31,,A,,,,,Krishna Mannam,,,250,T,,
BNA-577833632,249,,Sophie,3/20/2019 10:27,,Krishna Mannam,,3/20/2019 10:27,,A,,,,,Krishna Mannam,,,249,T,247,
BNA-577833300,248,,Sophie,3/20/2019 10:21,,Krishna Mannam,,3/20/2019 10:21,,A,,,,,Krishna Mannam,,,248,T,,
BNA-577833153,247,,Sophie,3/20/2019 10:19,,Krishna Mannam,,3/20/2019 10:19,,A,,,,,Krishna Mannam,,,247,T,245,
BNA-577832533,246,,Sophie,3/20/2019 10:08,,Krishna Mannam,,3/20/2019 10:08,,A,,,,,Krishna Mannam,,,246,T,,
BNA-577832083,245,,Sophie,3/20/2019 10:01,,Krishna Mannam,,3/20/2019 10:01,,A,,,,,Krishna Mannam,,,245,T,243,
BNA-577830696,244,,Sophie,3/20/2019 9:38,,Krishna Mannam,,3/20/2019 9:38,,A,,,,,Krishna Mannam,,,244,T,,
BNA-577830613,243,,Sophie,3/20/2019 9:36,,Krishna Mannam,,3/20/2019 9:36,,A,,,,,Krishna Mannam,,,243,T,241,
BNA-577830401,242,,Sophie,3/20/2019 9:33,,Krishna Mannam,,3/20/2019 9:33,,A,,,,,Krishna Mannam,,,242,T,,
BNA-577830256,241,,Sophie,3/20/2019 9:30,,Krishna Mannam,,3/20/2019 9:30,,A,,,,,Krishna Mannam,,,241,T,239,
BNA-577828086,240,,Sophie,3/20/2019 8:54,,Krishna Mannam,,3/20/2019 8:54,,A,,,,,Krishna Mannam,,,240,T,,
BNA-577828026,239,,Sophie,3/20/2019 8:53,,Krishna Mannam,,3/20/2019 8:53,,A,,,,,Krishna Mannam,,,239,T,237,
BNA-577822871,238,,Sophie,3/20/2019 7:27,,Krishna Mannam,,3/20/2019 7:27,,A,,,,,Krishna Mannam,,,238,T,,
BNA-577822834,237,,Sophie,3/20/2019 7:27,,Krishna Mannam,,3/20/2019 7:27,,A,,,,,Krishna Mannam,,,237,T,235,
BNA-577822389,236,,Sophie,3/20/2019 7:19,,Krishna Mannam,,3/20/2019 7:19,,A,,,,,Krishna Mannam,,,236,T,,
BNA-577757187,235,,Sophie,3/19/2019 13:13,,Krishna Mannam,,3/19/2019 13:13,,A,,,,,Krishna Mannam,,,235,T,,
BNA-577737866,234,,Sophie,3/19/2019 7:51,,Krishna Mannam,,3/19/2019 7:51,,A,,,,,Krishna Mannam,,,234,T,,
BNA-577660924,233,,Sophie,3/18/2019 10:28,,Krishna Mannam,,3/18/2019 10:28,,A,,,,,Krishna Mannam,,,233,T,,
BNA-577660772,232,,Sophie,3/18/2019 10:26,,Krishna Mannam,,3/18/2019 10:26,,A,,,,,Krishna Mannam,,,232,T,230,
BNA-577660405,231,,Sophie,3/18/2019 10:20,,Krishna Mannam,,3/18/2019 10:20,,A,,,,,Krishna Mannam,,,231,T,,
BNA-577659119,230,,Sophie,3/18/2019 9:58,,Krishna Mannam,,3/18/2019 9:58,,A,,,,,Krishna Mannam,,,230,T,228,
BNA-577658490,229,,Sophie,3/18/2019 9:48,,Krishna Mannam,,3/18/2019 9:48,,A,,,,,Krishna Mannam,,,229,T,,
BNA-577657036,228,,Sophie,3/18/2019 9:23,,Krishna Mannam,,3/18/2019 9:23,,A,,,,,Krishna Mannam,,,228,T,226,
BNA-577656788,227,,Sophie,3/18/2019 9:19,,Krishna Mannam,,3/18/2019 9:19,,A,,,,,Krishna Mannam,,,227,T,,
BNA-577656735,226,,Sophie,3/18/2019 9:18,,Krishna Mannam,,3/18/2019 9:18,,A,,,,,Krishna Mannam,,,226,T,224,
BNA-577654191,225,,Sophie,3/18/2019 8:36,,Krishna Mannam,,3/18/2019 8:36,,A,,,,,Krishna Mannam,,,225,T,,
BNA-577653534,224,,Sophie,3/18/2019 8:25,,Krishna Mannam,,3/18/2019 8:25,,A,,,,,Krishna Mannam,,,224,T,,
BNA-577649939,223,,Sophie,3/18/2019 7:25,,Krishna Mannam,,3/18/2019 7:25,,A,,,,,Krishna Mannam,,,223,T,221,
BNA-577649638,222,,Sophie,3/18/2019 7:20,,Krishna Mannam,,3/18/2019 7:20,,A,,,,,Krishna Mannam,,,222,T,,
BNA-577649552,221,,Sophie,3/18/2019 7:19,,Krishna Mannam,,3/18/2019 7:19,,A,,,,,Krishna Mannam,,,221,T,219,
BNA-577649288,220,,Sophie,3/18/2019 7:14,,Krishna Mannam,,3/18/2019 7:14,,A,,,,,Krishna Mannam,,,220,T,,
BNA-577649243,219,,Sophie,3/18/2019 7:14,,Krishna Mannam,,3/18/2019 7:14,,A,,,,,Krishna Mannam,,,219,T,217,
BNA-577649019,218,,Sophie,3/18/2019 7:10,,Krishna Mannam,,3/18/2019 7:10,,A,,,,,Krishna Mannam,,,218,T,,
BNA-577644321,217,,Sophie,3/18/2019 5:52,,Krishna Mannam,,3/18/2019 5:52,,A,,,,,Krishna Mannam,,,217,T,215,
BNA-577413364,216,,Sophie,3/15/2019 13:42,,Krishna Mannam,,3/15/2019 13:42,,A,,,,,Krishna Mannam,,,216,T,,
BNA-577408033,215,,Sophie,3/15/2019 12:13,,Krishna Mannam,,3/15/2019 12:13,,A,,,,,Krishna Mannam,,,215,T,,
BNA-577405176,214,,Sophie,3/15/2019 11:26,,Krishna Mannam,,3/15/2019 11:26,,A,,,,,Krishna Mannam,,,214,T,,
BNA-577405134,213,,Sophie,3/15/2019 11:25,,Krishna Mannam,,3/15/2019 11:25,,A,,,,,Krishna Mannam,,,213,T,211,
BNA-577404829,212,,Sophie,3/15/2019 11:20,,Krishna Mannam,,3/15/2019 11:20,,A,,,,,Krishna Mannam,,,212,T,,
BNA-577404166,211,,Sophie,3/15/2019 11:09,,Krishna Mannam,,3/15/2019 11:09,,A,,,,,Krishna Mannam,,,211,T,,
BNA-577402367,210,,Sophie,3/15/2019 10:39,,Krishna Mannam,,3/15/2019 10:39,,A,,,,,Krishna Mannam,,,210,T,,
BNA-577401414,209,,Sophie,3/15/2019 10:23,,Krishna Mannam,,3/15/2019 10:23,,A,,,,,Krishna Mannam,,,209,T,,
BNA-577390708,208,,Sophie,3/15/2019 7:25,,Krishna Mannam,,3/15/2019 7:25,,A,,,,,Krishna Mannam,,,208,T,,
BNA-577387318,207,,Sophie,3/15/2019 6:28,,Krishna Mannam,,3/15/2019 6:28,,A,,,,,Krishna Mannam,,,207,T,,
BNA-577326543,206,,Sophie,3/14/2019 13:35,,Krishna Mannam,,3/14/2019 13:35,,A,,,,,Krishna Mannam,,,206,T,,
BNA-577320605,205,,Sophie,3/14/2019 11:56,,Krishna Mannam,,3/14/2019 11:56,,A,,,,,Krishna Mannam,,,205,T,,
BNA-577316378,204,,Sophie,3/14/2019 10:46,,Krishna Mannam,,3/14/2019 10:46,,A,,,,,Krishna Mannam,,,204,T,,
BNA-577316313,203,,Sophie,3/14/2019 10:45,,Krishna Mannam,,3/14/2019 10:45,,A,,,,,Krishna Mannam,,,203,T,201,
BNA-577315491,202,,Sophie,3/14/2019 10:31,,Krishna Mannam,,3/14/2019 10:31,,A,,,,,Krishna Mannam,,,202,T,,
BNA-577315231,201,,Sophie,3/14/2019 10:27,,Krishna Mannam,,3/14/2019 10:27,,A,,,,,Krishna Mannam,,,201,T,,
BNA-577314200,200,,Sophie,3/14/2019 10:10,,Krishna Mannam,,3/14/2019 10:10,,A,,,,,Krishna Mannam,,,200,T,,
BNA-577313972,199,,Sophie,3/14/2019 10:06,,Krishna Mannam,,3/14/2019 10:06,,A,,,,,Krishna Mannam,,,199,T,,
BNA-577313759,198,,Sophie,3/14/2019 10:02,,Krishna Mannam,,3/14/2019 10:02,,A,,,,,Krishna Mannam,,,198,T,,
BNA-577313291,197,,Sophie,3/14/2019 9:54,,Krishna Mannam,,3/14/2019 9:54,,A,,,,,Krishna Mannam,,,197,T,,
BNA-577311359,196,,Sophie,3/14/2019 9:22,,Krishna Mannam,,3/14/2019 9:22,,A,,,,,Krishna Mannam,,,196,T,,
BNA-577311065,195,,Sophie,3/14/2019 9:17,,Krishna Mannam,,3/14/2019 9:17,,A,,,,,Krishna Mannam,,,195,T,,
BNA-577308832,194,,Sophie,3/14/2019 8:40,,Krishna Mannam,,3/14/2019 8:40,,A,,,,,Krishna Mannam,,,194,T,,
BNA-577302038,193,,Sophie,3/14/2019 6:47,,Krishna Mannam,,3/14/2019 6:47,,A,,,,,Krishna Mannam,,,193,T,,
BNA-577300759,192,,Sophie,3/14/2019 6:25,,Krishna Mannam,,3/14/2019 6:25,,A,,,,,Krishna Mannam,,,192,T,,
BNA-577299764,191,,Sophie,3/14/2019 6:09,,Krishna Mannam,,3/14/2019 6:09,,A,,,,,Krishna Mannam,,,191,T,,
BNA-577299282,190,,Sophie,3/14/2019 6:01,,Krishna Mannam,,3/14/2019 6:01,,A,,,,,Krishna Mannam,,,190,T,,
BNA-577299036,189,,Sophie,3/14/2019 5:57,,Krishna Mannam,,3/14/2019 5:57,,A,,,,,Krishna Mannam,,,189,T,,
BNA-577298784,188,,Sophie,3/14/2019 5:53,,Krishna Mannam,,3/14/2019 5:53,,A,,,,,Krishna Mannam,,,188,T,,
BNA-577298509,187,,Sophie,3/14/2019 5:48,,Krishna Mannam,,3/14/2019 5:48,,A,,,,,Krishna Mannam,,,187,T,,
BNA-577290758,186,,Sophie,3/14/2019 3:39,,Krishna Mannam,,3/14/2019 3:39,,A,,,,,Krishna Mannam,,,186,T,,
BNA-577284664,185,,Sophie,3/14/2019 1:57,,Krishna Mannam,,3/14/2019 1:57,,A,,,,,Krishna Mannam,,,185,T,,
BNA-577284068,184,,Sophie,3/14/2019 1:47,,Krishna Mannam,,3/14/2019 1:47,,A,,,,,Krishna Mannam,,,184,T,,
BNA-577283403,183,,Sophie,3/14/2019 1:36,,Krishna Mannam,,3/14/2019 1:36,,A,,,,,Krishna Mannam,,,183,T,,
BNA-577282796,182,,Sophie,3/14/2019 1:26,,Krishna Mannam,,3/14/2019 1:26,,A,,,,,Krishna Mannam,,,182,T,,
BNA-577281718,181,,Sophie,3/14/2019 1:08,,Krishna Mannam,,3/14/2019 1:08,,A,,,,,Krishna Mannam,,,181,T,,
BNA-577281116,180,,Sophie,3/14/2019 0:58,,Krishna Mannam,,3/14/2019 0:58,,A,,,,,Krishna Mannam,,,180,T,,
BNA-577280376,179,,Sophie,3/14/2019 0:46,,Krishna Mannam,,3/14/2019 0:46,,A,,,,,Krishna Mannam,,,179,T,,
BNA-577279748,178,,Sophie,3/14/2019 0:35,,Krishna Mannam,,3/14/2019 0:35,,A,,,,,Krishna Mannam,,,178,T,,
BNA-577279146,177,,Sophie,3/14/2019 0:25,,Krishna Mannam,,3/14/2019 0:25,,A,,,,,Krishna Mannam,,,177,T,,
BNA-577277576,176,,Sophie,3/13/2019 23:59,,Krishna Mannam,,3/13/2019 23:59,,A,,,,,Krishna Mannam,,,176,T,,
BNA-577276445,175,,Sophie,3/13/2019 23:40,,Krishna Mannam,,3/13/2019 23:40,,A,,,,,Krishna Mannam,,,175,T,,
BNA-577275675,174,,Sophie,3/13/2019 23:27,,Krishna Mannam,,3/13/2019 23:27,,A,,,,,Krishna Mannam,,,174,T,,
BNA-577275525,173,,Sophie,3/13/2019 23:25,,Krishna Mannam,,3/13/2019 23:25,,A,,,,,Krishna Mannam,,,173,T,171,
BNA-577275195,172,,Sophie,3/13/2019 23:19,,Krishna Mannam,,3/13/2019 23:19,,A,,,,,Krishna Mannam,,,172,T,,
BNA-577240831,171,,Sophie,3/13/2019 13:47,,Krishna Mannam,,3/13/2019 13:47,,A,,,,,Krishna Mannam,,,171,T,,
BNA-577240181,170,,Sophie,3/13/2019 13:36,,Krishna Mannam,,3/13/2019 13:36,,A,,,,,Krishna Mannam,,,170,T,,
BNA-577239955,169,,Sophie,3/13/2019 13:32,,Krishna Mannam,,3/13/2019 13:32,,A,,,,,Krishna Mannam,,,169,T,,
BNA-577234170,168,,Sophie,3/13/2019 11:56,,Krishna Mannam,,3/13/2019 11:56,,A,,,,,Krishna Mannam,,,168,T,,
BNA-577232377,167,,Sophie,3/13/2019 11:26,,Krishna Mannam,,3/13/2019 11:26,,A,,,,,Krishna Mannam,,,167,T,,
BNA-577230790,166,,Sophie,3/13/2019 10:59,,Krishna Mannam,,3/13/2019 10:59,,A,,,,,Krishna Mannam,,,166,T,,
BNA-577230164,165,,Sophie,3/13/2019 10:49,,Krishna Mannam,,3/13/2019 10:49,,A,,,,,Krishna Mannam,,,165,T,,
BNA-577229054,164,,Sophie,3/13/2019 10:30,,Krishna Mannam,,3/13/2019 10:30,,A,,,,,Krishna Mannam,,,164,T,162,
BNA-577228325,163,,Sophie,3/13/2019 10:18,,Krishna Mannam,,3/13/2019 10:18,,A,,,,,Krishna Mannam,,,163,T,,
BNA-577226391,162,,Sophie,3/13/2019 9:46,,Krishna Mannam,,3/13/2019 9:46,,A,,,,,Krishna Mannam,,,162,T,,
BNA-577226294,161,,Sophie,3/13/2019 9:44,,Krishna Mannam,,3/13/2019 9:44,,A,,,,,Krishna Mannam,,,161,T,159,
BNA-577225798,160,,Sophie,3/13/2019 9:36,,Krishna Mannam,,3/13/2019 9:36,,A,,,,,Krishna Mannam,,,160,T,,
BNA-577225281,159,,Sophie,3/13/2019 9:28,,Krishna Mannam,,3/13/2019 9:28,,A,,,,,Krishna Mannam,,,159,T,,
BNA-577224729,158,,Sophie,3/13/2019 9:18,,Krishna Mannam,,3/13/2019 9:18,,A,,,,,Krishna Mannam,,,158,T,,
BNA-577224227,157,,Sophie,3/13/2019 9:10,,Krishna Mannam,,3/13/2019 9:10,,A,,,,,Krishna Mannam,,,157,T,,
BNA-577223953,156,,Sophie,3/13/2019 9:05,,Krishna Mannam,,3/13/2019 9:05,,A,,,,,Krishna Mannam,,,156,T,,
BNA-577223540,155,,Sophie,3/13/2019 8:59,,Krishna Mannam,,3/13/2019 8:59,,A,,,,,Krishna Mannam,,,155,T,,
BNA-577223110,154,,Sophie,3/13/2019 8:51,,Krishna Mannam,,3/13/2019 8:51,,A,,,,,Krishna Mannam,,,154,T,,
BNA-577220589,153,,Sophie,3/13/2019 8:09,,Krishna Mannam,,3/13/2019 8:09,,A,,,,,Krishna Mannam,,,153,T,,
BNA-577220183,152,,Sophie,3/13/2019 8:03,,Krishna Mannam,,3/13/2019 8:03,,A,,,,,Krishna Mannam,,,152,T,,
BNA-577217472,151,,Sophie,3/13/2019 7:17,,Krishna Mannam,,3/13/2019 7:17,,A,,,,,Krishna Mannam,,,151,T,0,
BNA-577216669,150,,Sophie,3/13/2019 7:04,,Krishna Mannam,,3/13/2019 7:04,,A,,,,,Krishna Mannam,,,150,T,,
BNA-577216352,149,,Sophie,3/13/2019 6:59,,Krishna Mannam,,3/13/2019 6:59,,A,,,,,Krishna Mannam,,,149,T,,
BNA-577215155,148,,Sophie,3/13/2019 6:39,,Krishna Mannam,,3/13/2019 6:39,,A,,,,,Krishna Mannam,,,148,T,146,
BNA-577214833,147,,Sophie,3/13/2019 6:33,,Krishna Mannam,,3/13/2019 6:33,,A,,,,,Krishna Mannam,,,147,T,,
BNA-577214539,146,,Sophie,3/13/2019 6:28,,Krishna Mannam,,3/13/2019 6:28,,A,,,,,Krishna Mannam,,,146,T,,
BNA-577213924,145,,Sophie,3/13/2019 6:18,,Krishna Mannam,,3/13/2019 6:18,,A,,,,,Krishna Mannam,,,145,T,,
BNA-577213387,144,,Sophie,3/13/2019 6:09,,Krishna Mannam,,3/13/2019 6:09,,A,,,,,Krishna Mannam,,,144,T,,
BNA-577212828,143,,Sophie,3/13/2019 6:00,,Krishna Mannam,,3/13/2019 6:00,,A,,,,,Krishna Mannam,,,143,T,,
BNA-577212113,142,,Sophie,3/13/2019 5:48,,Krishna Mannam,,3/13/2019 5:48,,A,,,,,Krishna Mannam,,,142,T,,
BNA-577210959,141,,Sophie,3/13/2019 5:29,,Krishna Mannam,,3/13/2019 5:29,,A,,,,,Krishna Mannam,,,141,T,,
BNA-577210737,140,,Sophie,3/13/2019 5:25,,Krishna Mannam,,3/13/2019 5:25,,A,,,,,Krishna Mannam,,,140,T,138,
BNA-577205072,139,,Sophie,3/13/2019 3:51,,Krishna Mannam,,3/13/2019 3:51,,A,,,,,Krishna Mannam,,,139,T,,
BNA-577205022,138,,Sophie,3/13/2019 3:50,,Krishna Mannam,,3/13/2019 3:50,,A,,,,,Krishna Mannam,,,138,T,136,
BNA-577204918,137,,Sophie,3/13/2019 3:48,,Krishna Mannam,,3/13/2019 3:48,,A,,,,,Krishna Mannam,,,137,T,,
BNA-577204239,136,,Sophie,3/13/2019 3:37,,Krishna Mannam,,3/13/2019 3:37,,A,,,,,Krishna Mannam,,,136,T,,
BNA-577203538,135,,Sophie,3/13/2019 3:25,,Krishna Mannam,,3/13/2019 3:25,,A,,,,,Krishna Mannam,,,135,T,,
BNA-577197125,134,,Sophie,3/13/2019 1:38,,Krishna Mannam,,3/13/2019 1:38,,A,,,,,Krishna Mannam,,,134,T,,
BNA-577196266,133,,Sophie,3/13/2019 1:24,,Krishna Mannam,,3/13/2019 1:24,,A,,,,,Krishna Mannam,,,133,T,,
BNA-577194423,132,,Sophie,3/13/2019 0:53,,Krishna Mannam,,3/13/2019 0:53,,A,,,,,Krishna Mannam,,,132,T,,
BNA-577193925,131,,Sophie,3/13/2019 0:45,,Krishna Mannam,,3/13/2019 0:45,,A,,,,,Krishna Mannam,,,131,T,,
BNA-577193278,130,,Sophie,3/13/2019 0:34,,Krishna Mannam,,3/13/2019 0:34,,A,,,,,Krishna Mannam,,,130,T,,
BNA-577192577,129,,Sophie,3/13/2019 0:22,,Krishna Mannam,,3/13/2019 0:22,,A,,,,,Krishna Mannam,,,129,T,,
BNA-577192061,128,,Sophie,3/13/2019 0:14,,Krishna Mannam,,3/13/2019 0:14,,A,,,,,Krishna Mannam,,,128,T,,
BNA-577191575,127,,Sophie,3/13/2019 0:06,,Krishna Mannam,,3/13/2019 0:06,,A,,,,,Krishna Mannam,,,127,T,,
BNA-577190734,126,,Sophie,3/12/2019 23:52,,Krishna Mannam,,3/12/2019 23:52,,A,,,,,Krishna Mannam,,,126,T,,
BNA-577190373,125,,Sophie,3/12/2019 23:46,,Krishna Mannam,,3/12/2019 23:46,,A,,,,,Krishna Mannam,,,125,T,,
BNA-577189670,124,,Sophie,3/12/2019 23:34,,Krishna Mannam,,3/12/2019 23:34,,A,,,,,Krishna Mannam,,,124,T,,
BNA-577189098,123,,Sophie,3/12/2019 23:24,,Krishna Mannam,,3/12/2019 23:24,,A,,,,,Krishna Mannam,,,123,T,,
BNA-577188752,122,,Sophie,3/12/2019 23:19,,Krishna Mannam,,3/12/2019 23:19,,A,,,,,Krishna Mannam,,,122,T,,
BNA-577157333,121,,Sophie,3/12/2019 14:35,,Krishna Mannam,,3/12/2019 14:35,,A,,,,,Krishna Mannam,,,121,T,,
BNA-577156620,120,,Sophie,3/12/2019 14:23,,Krishna Mannam,,3/12/2019 14:23,,A,,,,,Krishna Mannam,,,120,T,,
BNA-577156200,119,,Sophie,3/12/2019 14:16,,Krishna Mannam,,3/12/2019 14:16,,A,,,,,Krishna Mannam,,,119,T,,
BNA-577156043,118,,Sophie,3/12/2019 14:14,,Krishna Mannam,,3/12/2019 14:14,,A,,,,,Krishna Mannam,,,118,T,116,
BNA-577155845,117,,Sophie,3/12/2019 14:10,,Krishna Mannam,,3/12/2019 14:10,,A,,,,,Krishna Mannam,,,117,T,,
BNA-577155737,116,,Sophie,3/12/2019 14:08,,Krishna Mannam,,3/12/2019 14:08,,A,,,,,Krishna Mannam,,,116,T,114,
BNA-577155686,115,,Sophie,3/12/2019 14:08,,Krishna Mannam,,3/12/2019 14:08,,A,,,,,Krishna Mannam,,,115,T,,
BNA-577155667,114,,Sophie,3/12/2019 14:07,,Krishna Mannam,,3/12/2019 14:07,,A,,,,,Krishna Mannam,,,114,T,112,
BNA-577155636,113,,Sophie,3/12/2019 14:07,,Krishna Mannam,,3/12/2019 14:07,,A,,,,,Krishna Mannam,,,113,T,,
BNA-577155550,112,,Sophie,3/12/2019 14:05,,Krishna Mannam,,3/12/2019 14:05,,A,,,,,Krishna Mannam,,,112,T,110,
BNA-577155185,111,,Sophie,3/12/2019 13:59,,Krishna Mannam,,3/12/2019 13:59,,A,,,,,Krishna Mannam,,,111,T,,
BNA-577154999,110,,Sophie,3/12/2019 13:56,,Krishna Mannam,,3/12/2019 13:56,,A,,,,,Krishna Mannam,,,110,T,108,
BNA-577154434,109,,Sophie,3/12/2019 13:47,,Krishna Mannam,,3/12/2019 13:47,,A,,,,,Krishna Mannam,,,109,T,,
BNA-577154243,108,,Sophie,3/12/2019 13:44,,Krishna Mannam,,3/12/2019 13:44,,A,,,,,Krishna Mannam,,,108,T,106,
BNA-577154152,107,,Sophie,3/12/2019 13:42,,Krishna Mannam,,3/12/2019 13:42,,A,,,,,Krishna Mannam,,,107,T,,
BNA-577153986,106,,Sophie,3/12/2019 13:39,,Krishna Mannam,,3/12/2019 13:39,,A,,,,,Krishna Mannam,,,106,T,104,
BNA-577153870,105,,Sophie,3/12/2019 13:37,,Krishna Mannam,,3/12/2019 13:37,,A,,,,,Krishna Mannam,,,105,T,,
BNA-577153594,104,,Sophie,3/12/2019 13:33,,Krishna Mannam,,3/12/2019 13:33,,A,,,,,Krishna Mannam,,,104,T,102,
BNA-577152880,103,,Sophie,3/12/2019 13:21,,Krishna Mannam,,3/12/2019 13:21,,A,,,,,Krishna Mannam,,,103,T,,
BNA-577152012,102,,Sophie,3/12/2019 13:06,,Krishna Mannam,,3/12/2019 13:06,,A,,,,,Krishna Mannam,,,102,T,,
BNA-577151803,101,,Sophie,3/12/2019 13:03,,Krishna Mannam,,3/12/2019 13:03,,A,,,,,Krishna Mannam,,,101,T,99,
BNA-577150628,100,,Sophie,3/12/2019 12:43,,Krishna Mannam,,3/12/2019 12:43,,A,,,,,Krishna Mannam,,,100,T,,
BNA-577149429,99,,Sophie,3/12/2019 12:23,,Krishna Mannam,,3/12/2019 12:23,,A,,,,,Krishna Mannam,,,99,T,,
BNA-577149406,98,,Sophie,3/12/2019 12:23,,Krishna Mannam,,3/12/2019 12:23,,A,,,,,Krishna Mannam,,,98,T,96,
BNA-577147727,97,,Sophie,3/12/2019 11:55,,Krishna Mannam,,3/12/2019 11:55,,A,,,,,Krishna Mannam,,,97,T,,
BNA-577147487,96,,Sophie,3/12/2019 11:51,,Krishna Mannam,,3/12/2019 11:51,,A,,,,,Krishna Mannam,,,96,T,94,
BNA-577147399,95,,Sophie,3/12/2019 11:49,,Krishna Mannam,,3/12/2019 11:49,,A,,,,,Krishna Mannam,,,95,T,,
BNA-577147369,94,,Sophie,3/12/2019 11:49,,Krishna Mannam,,3/12/2019 11:49,,A,,,,,Krishna Mannam,,,94,T,92,
BNA-577147059,93,,Sophie,3/12/2019 11:44,,Krishna Mannam,,3/12/2019 11:44,,A,,,,,Krishna Mannam,,,93,T,,
BNA-577147037,92,,Sophie,3/12/2019 11:43,,Krishna Mannam,,3/12/2019 11:43,,A,,,,,Krishna Mannam,,,92,T,90,
BNA-577146600,91,,Sophie,3/12/2019 11:36,,Krishna Mannam,,3/12/2019 11:36,,A,,,,,Krishna Mannam,,,91,T,,
BNA-577146569,90,,Sophie,3/12/2019 11:36,,Krishna Mannam,,3/12/2019 11:36,,A,,,,,Krishna Mannam,,,90,T,88,
BNA-577146237,89,,Sophie,3/12/2019 11:30,,Krishna Mannam,,3/12/2019 11:30,,A,,,,,Krishna Mannam,,,89,T,,
BNA-577145333,88,,Sophie,3/12/2019 11:15,,Krishna Mannam,,3/12/2019 11:15,,A,,,,,Krishna Mannam,,,88,T,86,
BNA-577144744,87,,Sophie,3/12/2019 11:05,,Krishna Mannam,,3/12/2019 11:05,,A,,,,,Krishna Mannam,,,87,T,,
BNA-577143472,86,,Sophie,3/12/2019 10:44,,Krishna Mannam,,3/12/2019 10:44,,A,,,,,Krishna Mannam,,,86,T,0,
BNA-577143014,85,,Sophie,3/12/2019 10:36,,Krishna Mannam,,3/12/2019 10:36,,A,,,,,Krishna Mannam,,,85,T,,
BNA-577142785,84,,Sophie,3/12/2019 10:33,,Krishna Mannam,,3/12/2019 10:33,,A,,,,,Krishna Mannam,,,84,T,82,
BNA-577142724,83,,Sophie,3/12/2019 10:32,,Krishna Mannam,,3/12/2019 10:32,,A,,,,,Krishna Mannam,,,83,T,,
BNA-577141559,82,,Sophie,3/12/2019 10:12,,Krishna Mannam,,3/12/2019 10:12,,A,,,,,Krishna Mannam,,,82,T,,
BNA-577139419,81,,Sophie,3/12/2019 9:36,,Krishna Mannam,,3/12/2019 9:36,,A,,,,,Krishna Mannam,,,81,T,,
BNA-577139313,80,,Sophie,3/12/2019 9:35,,Krishna Mannam,,3/12/2019 9:35,,A,,,,,Krishna Mannam,,,80,T,78,
BNA-577138457,79,,Sophie,3/12/2019 9:20,,Krishna Mannam,,3/12/2019 9:20,,A,,,,,Krishna Mannam,,,79,T,,
BNA-577138408,78,,Sophie,3/12/2019 9:20,,Krishna Mannam,,3/12/2019 9:20,,A,,,,,Krishna Mannam,,,78,T,76,
BNA-577138294,77,,Sophie,3/12/2019 9:18,,Krishna Mannam,,3/12/2019 9:18,,A,,,,,Krishna Mannam,,,77,T,,
BNA-577135688,76,,Sophie,3/12/2019 8:34,,Krishna Mannam,,3/12/2019 8:34,,A,,,,,Krishna Mannam,,,76,T,,
BNA-577134186,75,,Sophie,3/12/2019 8:09,,Krishna Mannam,,3/12/2019 8:09,,A,,,,,Krishna Mannam,,,75,T,73,
BNA-577133489,74,,Sophie,3/12/2019 7:58,,Krishna Mannam,,3/12/2019 7:58,,A,,,,,Krishna Mannam,,,74,T,,
BNA-577133212,73,,Sophie,3/12/2019 7:53,,Krishna Mannam,,3/12/2019 7:53,,A,,,,,Krishna Mannam,,,73,T,,
BNA-577133176,72,,Sophie,3/12/2019 7:52,,Krishna Mannam,,3/12/2019 7:52,,A,,,,,Krishna Mannam,,,72,T,70,
BNA-577133078,71,,Sophie,3/12/2019 7:51,,Krishna Mannam,,3/12/2019 7:51,,A,,,,,Krishna Mannam,,,71,T,,
BNA-577132829,70,,Sophie,3/12/2019 7:47,,Krishna Mannam,,3/12/2019 7:47,,A,,,,,Krishna Mannam,,,70,T,68,
BNA-577132729,69,,Sophie,3/12/2019 7:45,,Krishna Mannam,,3/12/2019 7:45,,A,,,,,Krishna Mannam,,,69,T,,
BNA-577131384,68,,Sophie,3/12/2019 7:23,,Krishna Mannam,,3/12/2019 7:23,,A,,,,,Krishna Mannam,,,68,T,,
BNA-577131358,67,,Sophie,3/12/2019 7:22,,Krishna Mannam,,3/12/2019 7:22,,A,,,,,Krishna Mannam,,,67,T,65,
BNA-577130926,66,,Sophie,3/12/2019 7:15,,Krishna Mannam,,3/12/2019 7:15,,A,,,,,Krishna Mannam,,,66,T,,
BNA-577130886,65,,Sophie,3/12/2019 7:14,,Krishna Mannam,,3/12/2019 7:14,,A,,,,,Krishna Mannam,,,65,T,0,
BNA-577130161,64,,Sophie,3/12/2019 7:02,,Krishna Mannam,,3/12/2019 7:02,,A,,,,,Krishna Mannam,,,64,T,,
BNA-577127863,63,,Sophie,3/12/2019 6:24,,Krishna Mannam,,3/12/2019 6:24,,A,,,,,Krishna Mannam,,,63,T,,
BNA-577127587,62,,Sophie,3/12/2019 6:19,,Krishna Mannam,,3/12/2019 6:19,,A,,,,,Krishna Mannam,,,62,T,,
BNA-577127512,61,,Sophie,3/12/2019 6:18,,Krishna Mannam,,3/12/2019 6:18,,A,,,,,Krishna Mannam,,,61,T,59,
BNA-577127355,60,,Sophie,3/12/2019 6:15,,Krishna Mannam,,3/12/2019 6:15,,A,,,,,Krishna Mannam,,,60,T,,
BNA-577127284,59,,Sophie,3/12/2019 6:14,,Krishna Mannam,,3/12/2019 6:14,,A,,,,,Krishna Mannam,,,59,T,57,
BNA-577127214,58,,Sophie,3/12/2019 6:13,,Krishna Mannam,,3/12/2019 6:13,,A,,,,,Krishna Mannam,,,58,T,,
BNA-577126973,57,,Sophie,3/12/2019 6:09,,Krishna Mannam,,3/12/2019 6:09,,A,,,,,Krishna Mannam,,,57,T,55,
BNA-577126867,56,,Sophie,3/12/2019 6:07,,Krishna Mannam,,3/12/2019 6:07,,A,,,,,Krishna Mannam,,,56,T,,
BNA-577126740,55,,Sophie,3/12/2019 6:05,,Krishna Mannam,,3/12/2019 6:05,,A,,,,,Krishna Mannam,,,55,T,53,
BNA-577126463,54,,Sophie,3/12/2019 6:01,,Krishna Mannam,,3/12/2019 6:01,,A,,,,,Krishna Mannam,,,54,T,,
BNA-577126340,53,,Sophie,3/12/2019 5:59,,Krishna Mannam,,3/12/2019 5:59,,A,,,,,Krishna Mannam,,,53,T,51,
BNA-577126028,52,,Sophie,3/12/2019 5:53,,Krishna Mannam,,3/12/2019 5:53,,A,,,,,Krishna Mannam,,,52,T,,
BNA-577125942,51,,Sophie,3/12/2019 5:52,,Krishna Mannam,,3/12/2019 5:52,,A,,,,,Krishna Mannam,,,51,T,49,
BNA-577125656,50,,Sophie,3/12/2019 5:47,,Krishna Mannam,,3/12/2019 5:47,,A,,,,,Krishna Mannam,,,50,T,,
BNA-577125554,49,,Sophie,3/12/2019 5:45,,Krishna Mannam,,3/12/2019 5:45,,A,,,,,Krishna Mannam,,,49,T,47,
BNA-577125056,48,,Sophie,3/12/2019 5:37,,Krishna Mannam,,3/12/2019 5:37,,A,,,,,Krishna Mannam,,,48,T,,
BNA-577124978,47,,Sophie,3/12/2019 5:36,,Krishna Mannam,,3/12/2019 5:36,,A,,,,,Krishna Mannam,,,47,T,45,
BNA-577124845,46,,Sophie,3/12/2019 5:34,,Krishna Mannam,,3/12/2019 5:34,,A,,,,,Krishna Mannam,,,46,T,,
BNA-577124745,45,,Sophie,3/12/2019 5:32,,Krishna Mannam,,3/12/2019 5:32,,A,,,,,Krishna Mannam,,,45,T,43,
BNA-577124189,44,,Sophie,3/12/2019 5:23,,Krishna Mannam,,3/12/2019 5:23,,A,,,,,Krishna Mannam,,,44,T,,
BNA-577124134,43,,Sophie,3/12/2019 5:22,,Krishna Mannam,,3/12/2019 5:22,,A,,,,,Krishna Mannam,,,43,T,41,
BNA-577124047,42,,Sophie,3/12/2019 5:20,,Krishna Mannam,,3/12/2019 5:20,,A,,,,,Krishna Mannam,,,42,T,,
BNA-577123928,41,,Sophie,3/12/2019 5:18,,Krishna Mannam,,3/12/2019 5:18,,A,,,,,Krishna Mannam,,,41,T,39,
BNA-577123747,40,,Sophie,3/12/2019 5:15,,Krishna Mannam,,3/12/2019 5:15,,A,,,,,Krishna Mannam,,,40,T,,
BNA-577123482,39,,Sophie,3/12/2019 5:11,,Krishna Mannam,,3/12/2019 5:11,,A,,,,,Krishna Mannam,,,39,T,37,
BNA-577122880,38,,Sophie,3/12/2019 5:01,,Krishna Mannam,,3/12/2019 5:01,,A,,,,,Krishna Mannam,,,38,T,,
BNA-577122728,37,,Sophie,3/12/2019 4:58,,Krishna Mannam,,3/12/2019 4:58,,A,,,,,Krishna Mannam,,,37,T,35,
BNA-577122690,36,,Sophie,3/12/2019 4:58,,Krishna Mannam,,3/12/2019 4:58,,A,,,,,Krishna Mannam,,,36,T,,
BNA-577122211,35,,Sophie,3/12/2019 4:50,,Krishna Mannam,,3/12/2019 4:50,,A,,,,,Krishna Mannam,,,35,T,33,
BNA-577121658,34,,Sophie,3/12/2019 4:40,,Krishna Mannam,,3/12/2019 4:40,,A,,,,,Krishna Mannam,,,34,T,,
BNA-577121631,33,,Sophie,3/12/2019 4:40,,Krishna Mannam,,3/12/2019 4:40,,A,,,,,Krishna Mannam,,,33,T,31,
BNA-577121593,32,,Sophie,3/12/2019 4:39,,Krishna Mannam,,3/12/2019 4:39,,A,,,,,Krishna Mannam,,,32,T,,
BNA-577121534,31,,Sophie,3/12/2019 4:38,,Krishna Mannam,,3/12/2019 4:38,,A,,,,,Krishna Mannam,,,31,T,29,
BNA-577121483,30,,Sophie,3/12/2019 4:38,,Krishna Mannam,,3/12/2019 4:38,,A,,,,,Krishna Mannam,,,30,T,,
BNA-577121470,29,,Sophie,3/12/2019 4:37,,Krishna Mannam,,3/12/2019 4:37,,A,,,,,Krishna Mannam,,,29,T,27,
BNA-577121307,28,,Sophie,3/12/2019 4:35,,Krishna Mannam,,3/12/2019 4:35,,A,,,,,Krishna Mannam,,,28,T,,
BNA-577121012,27,,Sophie,3/12/2019 4:30,,Krishna Mannam,,3/12/2019 4:30,,A,,,,,Krishna Mannam,,,27,T,25,
BNA-577120978,26,,Sophie,3/12/2019 4:29,,Krishna Mannam,,3/12/2019 4:29,,A,,,,,Krishna Mannam,,,26,T,,
BNA-577040817,25,,Sophie,3/11/2019 6:13,,Krishna Mannam,,3/11/2019 6:13,,A,,,,,Krishna Mannam,,,25,T,,
BNA-577037060,24,,Sophie,3/11/2019 5:11,,Krishna Mannam,,3/11/2019 5:11,,A,,,,,Krishna Mannam,,,24,T,,
BNA-576801710,23,,Sophie,3/8/2019 11:48,,Asit Ghosh,,3/8/2019 11:48,,A,,,,,Asit Ghosh,,,23,T,21,
BNA-576728328,22,,Sophie,3/7/2019 15:25,,Brian Tose,,3/7/2019 15:25,,A,,,,,Brian Tose,,,22,T,,
BNA-576724357,21,,Sophie,3/7/2019 14:19,,Bhavya Desai,,3/7/2019 14:19,,A,,,,,Bhavya Desai,,,21,T,,
BNA-576711508,20,,Sophie,3/7/2019 10:45,,Raju Badkal,,3/7/2019 10:45,,A,,,,,Raju Badkal,,,20,T,,
BNA-576707258,19,,Sophie,3/7/2019 9:34,,Brian Tose,,3/7/2019 9:34,,A,,,,,Brian Tose,,,19,T,,
BNA-576703194,18,,Sophie,3/7/2019 8:26,,Zeynep P覺nar,,3/7/2019 8:26,,A,,,,,Zeynep P覺nar,,,18,T,16,
BNA-576702510,17,,Sophie,3/7/2019 8:15,,Zeynep P覺nar,,3/7/2019 8:15,,A,,,,,Zeynep P覺nar,,,17,T,,
BNA-576697598,16,,Sophie,3/7/2019 6:53,,Manasa N,,3/7/2019 6:53,,A,,,,,Manasa N,,,16,T,14,
BNA-576696735,15,,Sophie,3/7/2019 6:38,,Manasa N,,3/7/2019 6:38,,A,,,,,Manasa N,,,15,T,,
BNA-576696232,14,,Sophie,3/7/2019 6:30,,krishnatejaswy tanuku,,3/7/2019 6:30,,A,,,,,krishnatejaswy tanuku,,,14,T,,
BNA-576696189,13,,Sophie,3/7/2019 6:29,,krishnatejaswy tanuku,,3/7/2019 6:29,,A,,,,,krishnatejaswy tanuku,,,13,T,10,
BNA-576695948,12,,Sophie,3/7/2019 6:25,,Manasa N,,3/7/2019 6:25,,A,,,,,Manasa N,,,12,T,,
BNA-576641719,11,,Sophie,3/6/2019 15:21,,Brian Tose,,3/6/2019 15:21,,A,,,,,Brian Tose,,,11,T,,
BNA-576632423,10,,Sophie,3/6/2019 12:47,,krishnatejaswy tanuku,,3/6/2019 12:47,,A,,,,,krishnatejaswy tanuku,,,10,T,,
BNA-576631642,9,,Sophie,3/6/2019 12:34,,krishnatejaswy tanuku,,3/6/2019 12:34,,A,,,,,krishnatejaswy tanuku,,,9,T,,
BNA-576631549,8,,Sophie,3/6/2019 12:32,,krishnatejaswy tanuku,,3/6/2019 12:32,,A,,,,,krishnatejaswy tanuku,,,8,T,6,
BNA-576620430,7,,Sophie,3/6/2019 9:27,,Brian Tose,,3/6/2019 9:27,,A,,,,,Brian Tose,,,7,T,,
BNA-576465798,6,,Sophie,3/4/2019 14:29,,Brian Tose,,3/4/2019 14:29,,A,,,,,Brian Tose,,,6,T,,
BNA-576464304,5,,Sophie,3/4/2019 14:05,,Mattia Rosellini,,3/4/2019 14:05,,A,,,,,Mattia Rosellini,,,5,T,,
BNA-576457009,4,,Sophie,3/4/2019 12:03,,Kayvan Mahinfar,,3/4/2019 12:03,,A,,,,,Kayvan Mahinfar,,,4,T,,
BNA-576454768,3,,Sophie,3/4/2019 11:26,,Brian Tose,,3/4/2019 11:26,,A,,,,,Brian Tose,,,3,T,,
BNA-576445301,2,,Sophie,3/4/2019 8:48,,Brian Tose,,3/4/2019 8:48,,A,,,,,Brian Tose,,,2,T,,
BNA-576211401,1,,Sophie,3/1/2019 15:50,,Kayvan Mahinfar,,3/1/2019 15:50,,A,,,,,Kayvan Mahinfar,,,1,T,,
BNA-549317596,0,BNA Catalogue,Sophie,4/24/2018 12:19,BUILD,sophie@adqura.com,Latest Catalogue,4/24/2018 12:19,,A,,4/24/2018 12:19,Likhitha Polepalli,,,http://www.adqura.com,,0,T,,
